year,mse,rmse,mae,smape,ic
2022,0.055021729320287704,0.23456711048288015,0.19535739719867706,48.285926818847656,0.4336001431298255
2023,0.055355142802000046,0.23527673663581797,0.19981028139591217,46.03206253051758,0.35904428195303173
2024,0.055815357714891434,0.23625274117963463,0.19874843955039978,46.30107498168945,0.3208663952225431
