year,mse,rmse,mae,smape,ic
2022,0.04371342062950134,0.20907754692817052,0.1785082072019577,33.18540573120117,0.1790134644668756
2023,0.044192880392074585,0.210221027473644,0.17687849700450897,32.14670181274414,0.08153823333776133
2024,0.0459008552134037,0.21424484874414998,0.18073835968971252,32.77925491333008,0.04291145752458832
