year,mse,rmse,mae,smape,ic
2022,0.03641829639673233,0.19083578384761157,0.1573047786951065,30.316055297851562,0.4619589883701185
2023,0.03748573362827301,0.19361232819289428,0.16119034588336945,30.32634925842285,0.368444024292082
2024,0.03717087209224701,0.19279748984944542,0.16008427739143372,30.478593826293945,0.336245009336956
