{
  "train": {
    "loss_total": [
      0.14504560021062693,
      0.06217963124314944,
      0.04438024076322714,
      0.04358940695722898,
      0.0392969207217296,
      0.03902806776265303,
      0.03853044472634792,
      0.037113260477781296,
      0.03675191725293795,
      0.03578955804308256,
      0.036576675872008,
      0.03404411176840464,
      0.034321511164307594,
      0.034891666223605476,
      0.03331511343518893,
      0.03265598540504774,
      0.03528095285097758,
      0.03461004979908466,
      0.03449280746281147,
      0.03357759738961855,
      0.035136119152108826,
      0.03311595662186543,
      0.03169499554981788,
      0.03459197096526623,
      0.03250316809862852,
      0.03138749642918507,
      0.03192983691891035,
      0.03258125421901544,
      0.031683736480772495,
      0.0320180586228768,
      0.03232042615612348,
      0.030890678366025288,
      0.030307125610609848,
      0.03061727186044057,
      0.03083879066010316,
      0.03157987973342339,
      0.03023274118701617,
      0.03153709943095843,
      0.0317086378733317,
      0.0311406251663963,
      0.030352030880749226,
      0.029993831490476925,
      0.030208971972266834,
      0.029578960811098415,
      0.029376127757132053,
      0.029509471108516056,
      0.028937034619351227,
      0.028601377891997497,
      0.028575106834371884,
      0.028237973029414814
    ],
    "mse": [
      0.14504560021062693,
      0.06217963124314944,
      0.04438024076322714,
      0.04358940695722898,
      0.0392969207217296,
      0.03902806776265303,
      0.03853044472634792,
      0.037113260477781296,
      0.03675191725293795,
      0.03578955804308256,
      0.036576675872008,
      0.03404411176840464,
      0.034321511164307594,
      0.034891666223605476,
      0.03331511343518893,
      0.03265598540504774,
      0.03528095285097758,
      0.03461004979908466,
      0.03449280746281147,
      0.03357759738961855,
      0.035136119152108826,
      0.03311595662186543,
      0.03169499554981788,
      0.03459197096526623,
      0.03250316809862852,
      0.03138749642918507,
      0.03192983691891035,
      0.03258125421901544,
      0.031683736480772495,
      0.0320180586228768,
      0.03232042615612348,
      0.030890678366025288,
      0.030307125610609848,
      0.03061727186044057,
      0.03083879066010316,
      0.03157987973342339,
      0.03023274118701617,
      0.03153709943095843,
      0.0317086378733317,
      0.0311406251663963,
      0.030352030880749226,
      0.029993831490476925,
      0.030208971972266834,
      0.029578960811098415,
      0.029376127757132053,
      0.029509471108516056,
      0.028937034619351227,
      0.028601377891997497,
      0.028575106834371884,
      0.028237973029414814
    ],
    "ic_company": [
      -0.07848115125671029,
      0.07158800462881725,
      0.23452705641587576,
      0.3049662560224533,
      0.36137183010578156,
      0.38499192396799725,
      0.4069109459718068,
      0.44974703590075177,
      0.45203499495983124,
      0.47738637030124664,
      0.5089355607827505,
      0.5163116703430811,
      0.5180768022934595,
      0.517029399673144,
      0.5197136849164963,
      0.5350476602713267,
      0.5271632075309753,
      0.5159231672684351,
      0.4976614365975062,
      0.5263363023598989,
      0.5439839164415995,
      0.5459460516770681,
      0.555477092663447,
      0.5471012393633524,
      0.562803586324056,
      0.5588936259349188,
      0.566378727555275,
      0.5711387693881989,
      0.5671951870123545,
      0.5701966087023417,
      0.5622848520676295,
      0.5768763720989227,
      0.5890557418266932,
      0.593970517317454,
      0.5914221207300822,
      0.568285788098971,
      0.5773362616697947,
      0.5634579658508301,
      0.572103887796402,
      0.581169456243515,
      0.5867584894100825,
      0.5880688081185023,
      0.5799925277630488,
      0.5924751907587051,
      0.5994816025098165,
      0.6053703924020132,
      0.6079945514599482,
      0.6144857605298361,
      0.6175061712662379,
      0.6147603889306387
    ]
  },
  "val": {
    "mse": [
      0.06079797446727753,
      0.06251851469278336,
      0.038211043924093246,
      0.045517697930336,
      0.03828251361846924,
      0.03738508000969887,
      0.03710591048002243,
      0.03692331165075302,
      0.03699132800102234,
      0.033176593482494354,
      0.036292724311351776,
      0.034142717719078064,
      0.03385172784328461,
      0.037656497210264206,
      0.035298071801662445,
      0.03300861269235611,
      0.035077665001153946,
      0.036888811737298965,
      0.03559958189725876,
      0.0336274653673172,
      0.03526347503066063,
      0.03636609762907028,
      0.03238940238952637,
      0.03422534838318825,
      0.037355486303567886,
      0.033374201506376266,
      0.033671699464321136,
      0.0345594622194767,
      0.03305474668741226,
      0.03423837572336197,
      0.034611623734235764,
      0.03404022380709648,
      0.0328536182641983,
      0.03229343518614769,
      0.03313862159848213,
      0.034122858196496964,
      0.0322902612388134,
      0.032840434461832047,
      0.032668374478816986,
      0.033065229654312134,
      0.0333605520427227,
      0.0322725810110569,
      0.032613854855298996,
      0.0324881486594677,
      0.03130584582686424,
      0.03154845908284187,
      0.0324237234890461,
      0.03126630559563637,
      0.0320596769452095,
      0.031168581917881966
    ],
    "mae": [
      0.20125074684619904,
      0.20524224638938904,
      0.1646280139684677,
      0.17669227719306946,
      0.16289137303829193,
      0.1600724458694458,
      0.1600475162267685,
      0.1592119336128235,
      0.1588473618030548,
      0.15031616389751434,
      0.15642456710338593,
      0.15208949148654938,
      0.1511656492948532,
      0.15929482877254486,
      0.1540682315826416,
      0.14902399480342865,
      0.15408819913864136,
      0.15749643743038177,
      0.1551036238670349,
      0.14968928694725037,
      0.1534436196088791,
      0.15525105595588684,
      0.146658256649971,
      0.15053029358386993,
      0.15757375955581665,
      0.1502106487751007,
      0.14905260503292084,
      0.15160030126571655,
      0.14840951561927795,
      0.15067487955093384,
      0.15146996080875397,
      0.14993304014205933,
      0.14699751138687134,
      0.14604303240776062,
      0.14771747589111328,
      0.14968669414520264,
      0.14600437879562378,
      0.14657945930957794,
      0.1473739743232727,
      0.14743421971797943,
      0.147573322057724,
      0.14611884951591492,
      0.1457003355026245,
      0.1448967605829239,
      0.14227735996246338,
      0.14436909556388855,
      0.14438371360301971,
      0.1423407346010208,
      0.14450669288635254,
      0.14076471328735352
    ],