{
  "train": {
    "loss_total": [
      0.12217075563967228,
      0.059373255198200546,
      0.04381679308911165,
      0.04196278937160969,
      0.03805236704647541,
      0.03721879795193672,
      0.03668533265590668,
      0.033679746091365814,
      0.03461685590445995,
      0.033276358619332314,
      0.034982181464632355,
      0.03588808203736941,
      0.033023592084646225,
      0.03471741390724977,
      0.0332843487461408,
      0.03150615623841683,
      0.03281615488231182,
      0.03459821020563444,
      0.03142195877929529,
      0.03102577446649472,
      0.032172832638025284,
      0.03305669625600179,
      0.03034815037002166,
      0.02982971351593733,
      0.03116603847593069,
      0.0313809917618831,
      0.031004138601322968,
      0.030963067586223286,
      0.03178084082901478,
      0.03071650769561529,
      0.029000690206885338,
      0.029647094197571278,
      0.031370711202422775,
      0.0304895027851065,
      0.029535454387466114,
      0.02854010680069526,
      0.02888128099342187,
      0.028440427966415882,
      0.027830512262880802,
      0.028293193007508915,
      0.027907549403607845,
      0.02787341612080733,
      0.02708268320808808,
      0.02694956927249829,
      0.028266710229218006,
      0.027915022025505703,
      0.02737978845834732,
      0.027620167781909306,
      0.027490871027112007,
      0.027068421555062134
    ],
    "mse": [
      0.12217075563967228,
      0.059373255198200546,
      0.04381679308911165,
      0.04196278937160969,
      0.03805236704647541,
      0.03721879795193672,
      0.03668533265590668,
      0.033679746091365814,
      0.03461685590445995,
      0.033276358619332314,
      0.034982181464632355,
      0.03588808203736941,
      0.033023592084646225,
      0.03471741390724977,
      0.0332843487461408,
      0.03150615623841683,
      0.03281615488231182,
      0.03459821020563444,
      0.03142195877929529,
      0.03102577446649472,
      0.032172832638025284,
      0.03305669625600179,
      0.03034815037002166,
      0.02982971351593733,
      0.03116603847593069,
      0.0313809917618831,
      0.031004138601322968,
      0.030963067586223286,
      0.03178084082901478,
      0.03071650769561529,
      0.029000690206885338,
      0.029647094197571278,
      0.031370711202422775,
      0.0304895027851065,
      0.029535454387466114,
      0.02854010680069526,
      0.02888128099342187,
      0.028440427966415882,
      0.027830512262880802,
      0.028293193007508915,
      0.027907549403607845,
      0.02787341612080733,
      0.02708268320808808,
      0.02694956927249829,
      0.028266710229218006,
      0.027915022025505703,
      0.02737978845834732,
      0.027620167781909306,
      0.027490871027112007,
      0.027068421555062134
    ],
    "ic_company": [
      0.09316537342965603,
      0.18410835539301237,
      0.2607474774122238,
      0.36542489131291706,
      0.4121762017409007,
      0.4522181252638499,
      0.4664984295765559,
      0.5110690941413244,
      0.5190029541651408,
      0.5237191071112951,
      0.5284288277228674,
      0.5035439481337866,
      0.5183972517649332,
      0.5197791705528895,
      0.5418201784292856,
      0.5515846312046051,
      0.5542714595794678,
      0.550136978427569,
      0.5640438596407572,
      0.5874104499816895,
      0.567389557758967,
      0.5752025147279104,
      0.5783709436655045,
      0.5924049615859985,
      0.5959631601969401,
      0.5796930392583212,
      0.573053220907847,
      0.5780226091543833,
      0.5882144371668497,
      0.5969257205724716,
      0.597414900859197,
      0.6001002738873163,
      0.5974775354067484,
      0.5995060900847117,
      0.5962569365898768,
      0.6059546967347463,
      0.6140992244084676,
      0.6193281809488932,
      0.6208924949169159,
      0.6255137721697489,
      0.6276642978191376,
      0.6265235443909963,
      0.6365081568559011,
      0.6380139092604319,
      0.6328764061133066,
      0.6299381752808889,
      0.6266691188017527,
      0.6322561502456665,
      0.633293092250824,
      0.636439045270284
    ]
  },
  "val": {
    "mse": [
      0.05619329586625099,
      0.06251436471939087,
      0.03690378740429878,
      0.042036667466163635,
      0.03693614527583122,
      0.03558117151260376,
      0.038165997713804245,
      0.033407796174287796,
      0.03534863144159317,
      0.03210809454321861,
      0.0342651903629303,
      0.03898242488503456,
      0.033915627747774124,
      0.03498996049165726,
      0.036424461752176285,
      0.03332076594233513,
      0.03262694180011749,
      0.037424344569444656,
      0.03312964364886284,
      0.033527977764606476,
      0.031282730400562286,
      0.03675348311662674,
      0.03364357352256775,
      0.03092546947300434,
      0.0321989543735981,
      0.03340688347816467,
      0.03169738128781319,
      0.031606823205947876,
      0.03233586624264717,
      0.0349370501935482,
      0.03203338757157326,
      0.03062611259520054,
      0.03185052052140236,
      0.0336737222969532,
      0.03346917778253555,
      0.03179551288485527,
      0.03250584006309509,
      0.03358684107661247,
      0.03101561963558197,
      0.03285948932170868,
      0.03265879303216934,
      0.03202246129512787,
      0.032558176666498184,
      0.031689804047346115,
      0.031482670456171036,
      0.033248767256736755,
      0.031317394226789474,
      0.031102020293474197,
      0.03259511664509773,
      0.030882686376571655
    ],
    "mae": [
      0.19364866614341736,
      0.2051718682050705,
      0.16157706081867218,
      0.1700698882341385,
      0.15962503850460052,
      0.15588486194610596,
      0.1605749875307083,
      0.1503596156835556,
      0.1543390154838562,
      0.14716728031635284,
      0.15217652916908264,
      0.1613600254058838,
      0.15085360407829285,
      0.15351560711860657,
      0.15559840202331543,
      0.14876355230808258,
      0.14673838019371033,
      0.1574784219264984,
      0.14863507449626923,
      0.14837445318698883,
      0.1445765644311905,
      0.15552808344364166,
      0.14913532137870789,
      0.14295481145381927,
      0.14532555639743805,
      0.1488671451807022,
      0.14542308449745178,
      0.1438957154750824,
      0.14641925692558289,
      0.15177525579929352,
      0.14446690678596497,
      0.14205676317214966,
      0.1442222148180008,
      0.14966988563537598,
      0.148021399974823,
      0.14343783259391785,
      0.1452503204345703,
      0.14691485464572906,
      0.14169621467590332,
      0.14557120203971863,
      0.14409174025058746,
      0.14400377869606018,
      0.144231379032135,
      0.14111433923244476,
      0.1423288881778717,
      0.14532746374607086,
      0.1412157565355301,
      0.14195425808429718,
      0.14386200904846191,
      0.1402236819267273
    ],