{
  "train": {
    "loss_total": [
      0.11906950796643893,
      0.05853054051597913,
      0.051197037721673645,
      0.04753430436054865,
      0.04435757485528787,
      0.045504637683431305,
      0.04350423812866211,
      0.044404477501908936,
      0.04349894014497598,
      0.04363770534594854,
      0.043181415647268295,
      0.043120913207530975,
      0.043005083998044334,
      0.04261517028013865,
      0.04331621900200844,
      0.04280010424554348,
      0.0428342962016662,
      0.042751921340823174,
      0.04286290456851324,
      0.04228327485422293,
      0.04239307592312495,
      0.042098060871164,
      0.042338222886125244,
      0.04206233533720175,
      0.041926817347606025,
      0.04202133230865002,
      0.04164795701702436,
      0.04196478612720966,
      0.04138171734909216,
      0.041305149594942726,
      0.041421266893545784,
      0.04160308217008909,
      0.04142222491403421,
      0.04129690180222193,
      0.041562722995877266,
      0.0411592461168766,
      0.040597193563977875,
      0.04049972631037235,
      0.04075225442647934,
      0.040689696868260704,
      0.04002370871603489,
      0.04064790097375711,
      0.040089539562662445,
      0.03960714489221573,
      0.04056369140744209,
      0.04003085754811764,
      0.039239649350444473,
      0.03914680083592733,
      0.03967135461668173,
      0.03917972308893999
    ],
    "mse": [
      0.11906950796643893,
      0.05853054051597913,
      0.051197037721673645,
      0.04753430436054865,
      0.04435757485528787,
      0.045504637683431305,
      0.04350423812866211,
      0.044404477501908936,
      0.04349894014497598,
      0.04363770534594854,
      0.043181415647268295,
      0.043120913207530975,
      0.043005083998044334,
      0.04261517028013865,
      0.04331621900200844,
      0.04280010424554348,
      0.0428342962016662,
      0.042751921340823174,
      0.04286290456851324,
      0.04228327485422293,
      0.04239307592312495,
      0.042098060871164,
      0.042338222886125244,
      0.04206233533720175,
      0.041926817347606025,
      0.04202133230865002,
      0.04164795701702436,
      0.04196478612720966,
      0.04138171734909216,
      0.041305149594942726,
      0.041421266893545784,
      0.04160308217008909,
      0.04142222491403421,
      0.04129690180222193,
      0.041562722995877266,
      0.0411592461168766,
      0.040597193563977875,
      0.04049972631037235,
      0.04075225442647934,
      0.040689696868260704,
      0.04002370871603489,
      0.04064790097375711,
      0.040089539562662445,
      0.03960714489221573,
      0.04056369140744209,
      0.04003085754811764,
      0.039239649350444473,
      0.03914680083592733,
      0.03967135461668173,
      0.03917972308893999
    ],
    "ic_company": [
      0.08507518342230469,
      0.1067132738729318,
      0.10852806828916073,
      0.12290312970678012,
      0.16840613509217897,
      0.1752162054181099,
      0.20176614945133528,
      0.2086964969833692,
      0.22644659876823425,
      0.21770749861995378,
      0.23648124684890112,
      0.2592817048231761,
      0.2480014314254125,
      0.26827113578716916,
      0.2524259611964226,
      0.2650122294823329,
      0.24669765929381052,
      0.2609497184554736,
      0.26942339912056923,
      0.27798136820395786,
      0.29317272702852887,
      0.2874139944712321,
      0.2738394650320212,
      0.2858556459347407,
      0.29619089389840764,
      0.2945263596872489,
      0.29986798266569775,
      0.30240341027577716,
      0.3096506595611572,
      0.31699854135513306,
      0.31672773013512295,
      0.3137077068289121,
      0.3142233764131864,
      0.31935714185237885,
      0.33102454990148544,
      0.33444888641436893,
      0.334019956489404,
      0.34223559747139615,
      0.35056834667921066,
      0.3441962351401647,
      0.35148972521225613,
      0.34431632111469906,
      0.35020987937847775,
      0.3625107283393542,
      0.34813020129998523,
      0.36465061207612354,
      0.36544845004876453,
      0.3776620700955391,
      0.38381823649009067,
      0.37355544914801914
    ]
  },
  "val": {
    "mse": [
      0.04357656463980675,
      0.041083671152591705,
      0.04317129775881767,
      0.04295765981078148,
      0.04063865914940834,
      0.043932151049375534,
      0.040606286376714706,
      0.042159561067819595,
      0.0413241945207119,
      0.04156465083360672,
      0.04141417145729065,
      0.04168068990111351,
      0.04144794121384621,
      0.04116044566035271,
      0.04147721081972122,
      0.042018212378025055,
      0.041488464921712875,
      0.04105814918875694,
      0.042182207107543945,
      0.04166021943092346,
      0.042003415524959564,
      0.04179786145687103,
      0.04187753424048424,
      0.041958730667829514,
      0.04210204258561134,
      0.04291529953479767,
      0.042454794049263,
      0.04303782805800438,
      0.04288439825177193,
      0.04290499910712242,
      0.04240797460079193,
      0.04238708317279816,
      0.04261691868305206,
      0.042436860501766205,
      0.04304059222340584,
      0.043546658009290695,
      0.04311901703476906,
      0.043269675225019455,
      0.04273023083806038,
      0.043061450123786926,
      0.04282917082309723,
      0.04284578934311867,
      0.04322891682386398,
      0.042948514223098755,
      0.04219302162528038,
      0.042697709053754807,
      0.04284171387553215,
      0.04282099008560181,
      0.04348991811275482,
      0.04355904832482338
    ],
    "mae": [
      0.16977524757385254,
      0.16786739230155945,
      0.17568731307983398,
      0.17543606460094452,
      0.169388547539711,
      0.17750880122184753,
      0.16924116015434265,
      0.17361262440681458,
      0.17164993286132812,
      0.17205336689949036,
      0.17141194641590118,
      0.17202232778072357,
      0.17155885696411133,
      0.17020125687122345,
      0.17116686701774597,
      0.17245157063007355,
      0.17106753587722778,
      0.1694941371679306,
      0.1723046749830246,
      0.170369490981102,
      0.1718379110097885,
      0.17196312546730042,
      0.17184102535247803,
      0.17162320017814636,
      0.171515092253685,
      0.17322301864624023,
      0.17197665572166443,
      0.17337656021118164,
      0.17327824234962463,
      0.17314912378787994,
      0.17258328199386597,
      0.17289306223392487,
      0.17286691069602966,
      0.17194952070713043,
      0.17338977754116058,
      0.1748458445072174,
      0.17329169809818268,
      0.1726880520582199,
      0.17173217236995697,
      0.17327898740768433,
      0.1718444973230362,
      0.17232169210910797,
      0.1734285205602646,
      0.1717057228088379,
      0.1705126315355301,
      0.1725919544696808,
      0.17222560942173004,
      0.17121516168117523,
      0.17360195517539978,
      0.17330344021320343
    ],