{
  "train": {
    "loss_total": [
      0.1357727386057377,
      0.05973883283634981,
      0.04525102116167545,
      0.04701543288926283,
      0.044077927246689796,
      0.04455354871849219,
      0.04331503063440323,
      0.043905350690086685,
      0.04246932143966357,
      0.043220432475209236,
      0.04244329469899336,
      0.04268817479411761,
      0.04224772689243158,
      0.042263489216566086,
      0.04190772461394469,
      0.04210263739029566,
      0.041632864624261856,
      0.04216420277953148,
      0.04113633744418621,
      0.0412684828042984,
      0.04092418278257052,
      0.041197833294669785,
      0.04136427119374275,
      0.04054013888041178,
      0.040741914262374244,
      0.04003657090167204,
      0.03980920525888602,
      0.03956969020267328,
      0.039353917663296066,
      0.03895019801954428,
      0.03913741186261177,
      0.03822692856192589,
      0.037529291585087776,
      0.03812429991861185,
      0.03814634556571642,
      0.03827418697377046,
      0.03825892321765423,
      0.03838764317333698,
      0.037993586932619415,
      0.038579750806093216,
      0.03906192754705747,
      0.03865380398929119,
      0.03783383903404077,
      0.03748662086824576,
      0.03779005321363608,
      0.037962802375356354,
      0.03719893842935562,
      0.03636960064371427,
      0.037220900878310204,
      0.03755500974754492
    ],
    "mse": [
      0.1357727386057377,
      0.05973883283634981,
      0.04525102116167545,
      0.04701543288926283,
      0.044077927246689796,
      0.04455354871849219,
      0.04331503063440323,
      0.043905350690086685,
      0.04246932143966357,
      0.043220432475209236,
      0.04244329469899336,
      0.04268817479411761,
      0.04224772689243158,
      0.042263489216566086,
      0.04190772461394469,
      0.04210263739029566,
      0.041632864624261856,
      0.04216420277953148,
      0.04113633744418621,
      0.0412684828042984,
      0.04092418278257052,
      0.041197833294669785,
      0.04136427119374275,
      0.04054013888041178,
      0.040741914262374244,
      0.04003657090167204,
      0.03980920525888602,
      0.03956969020267328,
      0.039353917663296066,
      0.03895019801954428,
      0.03913741186261177,
      0.03822692856192589,
      0.037529291585087776,
      0.03812429991861185,
      0.03814634556571642,
      0.03827418697377046,
      0.03825892321765423,
      0.03838764317333698,
      0.037993586932619415,
      0.038579750806093216,
      0.03906192754705747,
      0.03865380398929119,
      0.03783383903404077,
      0.03748662086824576,
      0.03779005321363608,
      0.037962802375356354,
      0.03719893842935562,
      0.03636960064371427,
      0.037220900878310204,
      0.03755500974754492
    ],
    "ic_company": [
      -0.012701683677732944,
      -0.09262655576458201,
      -0.1243174175421397,
      -0.1532454900443554,
      -0.17682276169459024,
      -0.20297998438278833,
      -0.22773516178131104,
      -0.23282197241981825,
      -0.27022214730580646,
      -0.26192864527304965,
      -0.2865106438597043,
      -0.28047766039768857,
      -0.28223997354507446,
      -0.2948019628723462,
      -0.3137647310892741,
      -0.2948925718665123,
      -0.3118828957279523,
      -0.3059777667125066,
      -0.3272909124692281,
      -0.33684831112623215,
      -0.33799803753693897,
      -0.3436242714524269,
      -0.3375450149178505,
      -0.3473205119371414,
      -0.35615316530068714,
      -0.375232328971227,
      -0.3751012136538823,
      -0.38521479070186615,
      -0.3875097706913948,
      -0.40653856098651886,
      -0.4114435414473216,
      -0.41658664246400195,
      -0.423454150557518,
      -0.4112122654914856,
      -0.4143056968847911,
      -0.4094409644603729,
      -0.40409545103708905,
      -0.3970160161455472,
      -0.41273648540178937,
      -0.406676322221756,
      -0.4014282872279485,
      -0.4113154510656993,
      -0.4103478441635768,
      -0.42371129989624023,
      -0.4359133342901866,
      -0.4331522633632024,
      -0.43432022631168365,
      -0.4476228207349777,
      -0.4393406957387924,
      -0.43997857471307117
    ]
  },
  "val": {
    "mse": [
      0.05985761806368828,
      0.05076494812965393,
      0.04130672290921211,
      0.04643706977367401,
      0.040957383811473846,
      0.04236389696598053,
      0.0413367785513401,
      0.04237937182188034,
      0.041230157017707825,
      0.04155093431472778,
      0.041987333446741104,
      0.04203356057405472,
      0.041751082986593246,
      0.04112452268600464,
      0.04135257378220558,
      0.04172305017709732,
      0.04106331244111061,
      0.042225636541843414,
      0.0414591021835804,
      0.04171145707368851,
      0.04191812872886658,
      0.041876498609781265,
      0.04274469241499901,
      0.04176116734743118,
      0.04211508110165596,
      0.042292460799217224,
      0.04224496707320213,
      0.04250652715563774,
      0.04235903546214104,
      0.042376451194286346,
      0.04267993941903114,
      0.04301418364048004,
      0.04274992272257805,
      0.04313645511865616,
      0.042979177087545395,
      0.04281796142458916,
      0.04338080808520317,
      0.043599337339401245,
      0.04305117204785347,
      0.043179579079151154,
      0.042878784239292145,
      0.04374951869249344,
      0.043473850935697556,
      0.04323457181453705,
      0.0431603342294693,
      0.043455515056848526,
      0.04364747554063797,
      0.04332839697599411,
      0.04336494579911232,
      0.04319595918059349
    ],
    "mae": [
      0.19142018258571625,
      0.19074279069900513,
      0.16893915832042694,
      0.1824619174003601,
      0.17019358277320862,
      0.17379997670650482,
      0.17102190852165222,
      0.1736525595188141,
      0.17066338658332825,
      0.17131410539150238,
      0.17248079180717468,
      0.17267228662967682,
      0.17170780897140503,
      0.1707182675600052,
      0.17113415896892548,
      0.17185690999031067,
      0.16962282359600067,
      0.17255352437496185,
      0.17015691101551056,
      0.17079226672649384,
      0.1708356738090515,
      0.17054593563079834,
      0.1731206178665161,
      0.17035363614559174,
      0.17104309797286987,
      0.1713407188653946,
      0.17105340957641602,
      0.1709572672843933,
      0.17056667804718018,
      0.16939640045166016,
      0.17082995176315308,
      0.17168210446834564,
      0.17001360654830933,
      0.17118731141090393,
      0.17089128494262695,
      0.17061808705329895,
      0.17157839238643646,
      0.17115898430347443,
      0.17017802596092224,
      0.16938921809196472,
      0.16970811784267426,
      0.17293046414852142,
      0.17164549231529236,
      0.17008794844150543,
      0.16954191029071808,
      0.17175814509391785,
      0.1725846529006958,
      0.17062392830848694,
      0.16977176070213318,
      0.17057785391807556
    ],