{
  "train": {
    "loss_total": [
      0.17192734157045683,
      0.10430107762416203,
      0.0706277626256148,
      0.06549287090698878,
      0.05996632079283396,
      0.057809097692370415,
      0.05594562118252119,
      0.057499400029579796,
      0.05477118802567323,
      0.05195931655665239,
      0.0549778069059054,
      0.05194832322498163,
      0.0520834531635046,
      0.0536542683839798,
      0.05313361374040445,
      0.048367902636528015,
      0.04981310355166594,
      0.05312680204709371,
      0.049061886966228485,
      0.04842339021464189,
      0.047699386874834694,
      0.04710733828445276,
      0.04811949965854486,
      0.04713998424510161,
      0.04618160674969355,
      0.04687138150135676,
      0.04658246164520582,
      0.04405484783152739,
      0.04478794646759828,
      0.04715349276860555,
      0.04720420576632023,
      0.04423415660858154,
      0.045093623300393425,
      0.04595852022369703,
      0.044432964796821274,
      0.04385141097009182,
      0.044561308498183884,
      0.04385540261864662,
      0.04337851206461588,
      0.045272152250011764,
      0.04464981580773989,
      0.0461497555176417,
      0.04637762097020944,
      0.04819778477152189,
      0.04682926585276922,
      0.044406792148947716,
      0.04318832109371821,
      0.04419657588005066,
      0.043200952311356865,
      0.042038088043530784
    ],
    "mse": [
      0.17192734157045683,
      0.10430107762416203,
      0.0706277626256148,
      0.06549287090698878,
      0.05996632079283396,
      0.057809097692370415,
      0.05594562118252119,
      0.057499400029579796,
      0.05477118802567323,
      0.05195931655665239,
      0.0549778069059054,
      0.05194832322498163,
      0.0520834531635046,
      0.0536542683839798,
      0.05313361374040445,
      0.048367902636528015,
      0.04981310355166594,
      0.05312680204709371,
      0.049061886966228485,
      0.04842339021464189,
      0.047699386874834694,
      0.04710733828445276,
      0.04811949965854486,
      0.04713998424510161,
      0.04618160674969355,
      0.04687138150135676,
      0.04658246164520582,
      0.04405484783152739,
      0.04478794646759828,
      0.04715349276860555,
      0.04720420576632023,
      0.04423415660858154,
      0.045093623300393425,
      0.04595852022369703,
      0.044432964796821274,
      0.04385141097009182,
      0.044561308498183884,
      0.04385540261864662,
      0.04337851206461588,
      0.045272152250011764,
      0.04464981580773989,
      0.0461497555176417,
      0.04637762097020944,
      0.04819778477152189,
      0.04682926585276922,
      0.044406792148947716,
      0.04318832109371821,
      0.04419657588005066,
      0.043200952311356865,
      0.042038088043530784
    ],
    "ic_company": [
      0.025843042104194563,
      0.15564198791980743,
      0.2481227566798528,
      0.3244411920507749,
      0.4051025062799454,
      0.4249458263317744,
      0.4510304182767868,
      0.4198339482148488,
      0.4603529969851176,
      0.5106196055809656,
      0.5074838449557623,
      0.5189321339130402,
      0.5200289785861969,
      0.5067995389302572,
      0.5167828996976217,
      0.5492465297381083,
      0.5516979893048605,
      0.5396921187639236,
      0.5616646905740103,
      0.5590266684691111,
      0.5740185926357905,
      0.5782538205385208,
      0.573978121081988,
      0.5878241658210754,
      0.5903362135092417,
      0.5951146086057028,
      0.5911004692316055,
      0.608101616303126,
      0.6043304701646169,
      0.5952901542186737,
      0.5954782764116923,
      0.6022127171357473,
      0.6043375730514526,
      0.6085002621014913,
      0.6056671241919199,
      0.6038002073764801,
      0.6078178733587265,
      0.6135057310263315,
      0.6134546796480814,
      0.6106982827186584,
      0.6110670467217764,
      0.579078271985054,
      0.5802757342656454,
      0.5841162949800491,
      0.5871162414550781,
      0.6085479855537415,
      0.611381987730662,
      0.6077238271633784,
      0.6161535779635111,
      0.6263258854548136
    ]
  },
  "val": {
    "mse": [
      0.07491608709096909,
      0.07605689018964767,
      0.06455059349536896,
      0.06253961473703384,
      0.06099309027194977,
      0.059357210993766785,
      0.06362868845462799,
      0.05992898717522621,
      0.05537514016032219,
      0.05313225835561752,
      0.05632277950644493,
      0.053463250398635864,
      0.05493669584393501,
      0.05599463731050491,
      0.057521067559719086,
      0.04968923330307007,
      0.04894731566309929,
      0.05541911721229553,
      0.05480571091175079,
      0.05227235332131386,
      0.05231481045484543,
      0.05115476995706558,
      0.05160824581980705,
      0.051821693778038025,
      0.04935530200600624,
      0.05214618891477585,
      0.053529344499111176,
      0.04983637109398842,
      0.048949409276247025,
      0.05168205127120018,
      0.05478609725832939,
      0.04771263897418976,
      0.04727066680788994,
      0.05384601280093193,
      0.05193779617547989,
      0.04808015376329422,
      0.051241498440504074,
      0.049592841416597366,
      0.04807775095105171,
      0.050866350531578064,
      0.05247386544942856,
      0.04859529063105583,
      0.04821087047457695,
      0.05129799246788025,
      0.05157003924250603,
      0.052140723913908005,
      0.04829743504524231,
      0.05068870633840561,
      0.049578454345464706,
      0.04807795211672783
    ],
    "mae": [
      0.2310630828142166,
      0.2326187640428543,
      0.21746602654457092,
      0.21424663066864014,
      0.20987695455551147,
      0.2071099728345871,
      0.21097473800182343,
      0.2053251713514328,
      0.19343337416648865,
      0.18925032019615173,
      0.19630785286426544,
      0.1900445967912674,
      0.19433476030826569,
      0.19828955829143524,
      0.19755160808563232,
      0.18286335468292236,
      0.1813560128211975,
      0.19453231990337372,
      0.1907426118850708,
      0.18571776151657104,
      0.18776823580265045,
      0.18592943251132965,
      0.18593445420265198,
      0.18547242879867554,
      0.18040215969085693,
      0.18510359525680542,
      0.18863767385482788,
      0.18202969431877136,
      0.17949441075325012,
      0.18577423691749573,
      0.18966825306415558,
      0.17689095437526703,
      0.17688611149787903,
      0.18761657178401947,
      0.18336835503578186,
      0.1770935207605362,
      0.18321910500526428,
      0.17959390580654144,
      0.17589004337787628,
      0.18241442739963531,
      0.18852995336055756,
      0.1796375811100006,
      0.17759251594543457,
      0.18539020419120789,
      0.18419824540615082,
      0.18245700001716614,
      0.177853524684906,
      0.18023662269115448,
      0.17934156954288483,
      0.17638209462165833
    ],