{
  "train": {
    "loss_total": [
      0.1255122274160385,
      0.07692229623595874,
      0.06576394848525524,
      0.06321818691988786,
      0.05788042210042477,
      0.0533559595545133,
      0.05397600680589676,
      0.04932789007822672,
      0.048524219542741776,
      0.049208298325538635,
      0.050119215001662575,
      0.04866785928606987,
      0.0464485182116429,
      0.04881962823371092,
      0.046809022004405655,
      0.0470677117506663,
      0.04665287956595421,
      0.04918046481907368,
      0.04763567075133324,
      0.046610439817110695,
      0.04695968826611837,
      0.048359339435895286,
      0.04701132948199908,
      0.04516770442326864,
      0.045220560704668365,
      0.04492873760561148,
      0.04449535347521305,
      0.04388849623501301,
      0.04565281979739666,
      0.04662043104569117,
      0.045010089253385864,
      0.04398255174358686,
      0.04457141272723675,
      0.04354564597209295,
      0.043285720671216645,
      0.043261876329779625,
      0.04723658971488476,
      0.043619586154818535,
      0.0423965168495973,
      0.04239648145933946,
      0.04191194102168083,
      0.04134704793492953,
      0.040782541036605835,
      0.04075850360095501,
      0.04171636514365673,
      0.04104683672388395,
      0.040738679468631744,
      0.04113608102003733,
      0.04152486349145571,
      0.041040186459819473
    ],
    "mse": [
      0.1255122274160385,
      0.07692229623595874,
      0.06576394848525524,
      0.06321818691988786,
      0.05788042210042477,
      0.0533559595545133,
      0.05397600680589676,
      0.04932789007822672,
      0.048524219542741776,
      0.049208298325538635,
      0.050119215001662575,
      0.04866785928606987,
      0.0464485182116429,
      0.04881962823371092,
      0.046809022004405655,
      0.0470677117506663,
      0.04665287956595421,
      0.04918046481907368,
      0.04763567075133324,
      0.046610439817110695,
      0.04695968826611837,
      0.048359339435895286,
      0.04701132948199908,
      0.04516770442326864,
      0.045220560704668365,
      0.04492873760561148,
      0.04449535347521305,
      0.04388849623501301,
      0.04565281979739666,
      0.04662043104569117,
      0.045010089253385864,
      0.04398255174358686,
      0.04457141272723675,
      0.04354564597209295,
      0.043285720671216645,
      0.043261876329779625,
      0.04723658971488476,
      0.043619586154818535,
      0.0423965168495973,
      0.04239648145933946,
      0.04191194102168083,
      0.04134704793492953,
      0.040782541036605835,
      0.04075850360095501,
      0.04171636514365673,
      0.04104683672388395,
      0.040738679468631744,
      0.04113608102003733,
      0.04152486349145571,
      0.041040186459819473
    ],
    "ic_company": [
      0.08811019267886877,
      0.23555205762386322,
      0.32256370037794113,
      0.3563182055950165,
      0.45739669104417163,
      0.5001711845397949,
      0.5145768324534098,
      0.5404344350099564,
      0.5570601026217142,
      0.5491484502951304,
      0.5593733886877695,
      0.5616947015126547,
      0.5842531025409698,
      0.5737287501494089,
      0.5827427705128988,
      0.5713991224765778,
      0.5871952474117279,
      0.5803533991177877,
      0.5725415050983429,
      0.5750355074803034,
      0.5802548825740814,
      0.582736944158872,
      0.5793701559305191,
      0.5910089562336603,
      0.5986408094565073,
      0.6062228182951609,
      0.6048104564348856,
      0.6097477277119955,
      0.6059661606947581,
      0.6092351277669271,
      0.6117768386999766,
      0.5992592175801595,
      0.6035928626855215,
      0.610773170987765,
      0.6115896354118983,
      0.6186162432034811,
      0.6194681525230408,
      0.6263701915740967,
      0.6204067766666412,
      0.6219145158926646,
      0.6276849011580149,
      0.6347141961256663,
      0.638907124598821,
      0.6426424582799276,
      0.640720546245575,
      0.6395274301369985,
      0.642546276251475,
      0.6410187184810638,
      0.6424707174301147,
      0.6412420670191447
    ]
  },
  "val": {
    "mse": [
      0.07055273652076721,
      0.08614164590835571,
      0.058393694460392,
      0.06511113047599792,
      0.056081611663103104,
      0.05285438150167465,
      0.06301554292440414,
      0.05256286635994911,
      0.05409778282046318,
      0.05156030133366585,
      0.054649513214826584,
      0.05552761256694794,
      0.05201681703329086,
      0.05518168956041336,
      0.05394577607512474,
      0.05078209564089775,
      0.04943455383181572,
      0.055515117943286896,
      0.05482646822929382,
      0.050702519714832306,
      0.04924624040722847,
      0.05415418744087219,
      0.052795782685279846,
      0.05014148727059364,
      0.05106697976589203,
      0.05224970355629921,
      0.050088509917259216,
      0.04923715442419052,
      0.05003463476896286,
      0.05300241336226463,
      0.055314306169748306,
      0.048974454402923584,
      0.05081915855407715,
      0.050223056226968765,
      0.04765472188591957,
      0.048546627163887024,
      0.05016585811972618,
      0.05287863686680794,
      0.04863126575946808,
      0.05079784244298935,
      0.05045641213655472,
      0.05036906898021698,
      0.049895331263542175,
      0.0503595769405365,
      0.050162333995103836,
      0.04932568594813347,
      0.05024300888180733,
      0.049172740429639816,
      0.049390338361263275,
      0.05026323348283768
    ],
    "mae": [
      0.22257301211357117,
      0.24312825500965118,
      0.20792758464813232,
      0.21658240258693695,
      0.19908224046230316,
      0.19112931191921234,
      0.20613142848014832,
      0.1905830055475235,
      0.1908544898033142,
      0.1854104995727539,
      0.19152052700519562,
      0.1909567415714264,
      0.1849495768547058,
      0.1913192868232727,
      0.19132114946842194,
      0.18457970023155212,
      0.18070945143699646,
      0.1919308453798294,
      0.18997856974601746,
      0.18258723616600037,
      0.18128715455532074,
      0.18901889026165009,
      0.1880427896976471,
      0.1807524561882019,
      0.18177483975887299,
      0.1860906332731247,
      0.18198348581790924,
      0.17949090898036957,
      0.17987819015979767,
      0.1861802190542221,
      0.18983685970306396,
      0.18040354549884796,
      0.18144764006137848,
      0.18233022093772888,
      0.1756967306137085,
      0.17597846686840057,
      0.1802201271057129,
      0.18625302612781525,
      0.17753194272518158,
      0.18071165680885315,
      0.1807539463043213,
      0.1808146834373474,
      0.17941506206989288,
      0.1811414361000061,
      0.17995484173297882,
      0.17906111478805542,
      0.18184031546115875,
      0.178717702627182,
      0.1787329465150833,
      0.18025904893875122
    ],